,Nickname,UnfavouriteNumber,HoursSleptToday
count,13,13.0,13.0
unique,12,,
top,G,,
freq,2,,
mean,,113.28846153846153,10.48076923076923
std,,245.58204344801467,11.969780324869838
min,,2.0,4.0
25%,,9.75,6.0
50%,,11.0,7.0
75%,,13.0,8.5
max,,666.0,50.0
