,Nickname,UnfavouriteNumber,HoursSleptToday
count,14,14.0,14.0
unique,13,,
top,G,,
freq,2,,
mean,,105.69642857142857,10.232142857142858
std,,237.65145329977366,11.537757533468056
min,,2.0,4.0
25%,,7.6875,6.25
50%,,10.5,7.0
75%,,13.0,8.375
max,,666.0,50.0
