,Nickname,UnfavouriteNumber,HoursSleptToday
count,9,9.0,9.0
unique,9,,
top,AJ,,
freq,1,,
mean,,154.66666666666666,7.055555555555555
std,,289.9267148780878,1.550089603144856
min,,2.0,4.0
25%,,7.0,6.0
50%,,12.0,7.0
75%,,13.0,8.0
max,,666.0,9.0
