,Nickname,UnfavouriteNumber,HoursSleptToday
count,8,8.0,8.0
unique,8,,
top,AJ,,
freq,1,,
mean,,173.125,7.0625
std,,304.2388335783959,1.6569658156660065
min,,2.0,4.0
25%,,8.25,6.0
50%,,12.5,7.5
75%,,176.25,8.125
max,,666.0,9.0
