,Nickname,UnfavouriteNumber,HoursSleptToday
count,6,6.0,6.0
unique,6,,
top,AJ,,
freq,1,,
mean,,228.33333333333334,6.75
std,,339.03903413422273,1.8371173070873836
min,,2.0,4.0
25%,,10.75,6.0
50%,,13.0,6.5
75%,,502.75,8.125
max,,666.0,9.0
