,Nickname,UnfavouriteNumber,HoursSleptToday
count,15,15.0,15.0
unique,14,,
top,G,,
freq,2,,
mean,,99.11666666666666,10.083333333333334
std,,230.42016874975738,11.13298937307282
min,,2.0,4.0
25%,,7.0,6.5
50%,,10.0,7.0
75%,,13.0,8.25
max,,666.0,50.0
